col_1,col_2,col_3,col_4
0.583145,0.231897,0.690458,0.208641
0.413625,0.029358,0.345055,0.277666
0.289347,0.084581,0.791725,0.726802
0.492256,0.509547,0.156073,0.648189
0.036258,0.16129,0.210993,0.880823
0.293208,0.777282,0.113253,0.230031
0.262276,0.185082,0.572556,0.03197
0.334854,0.231634,0.178354,0.859831
0.58253,0.907467,0.453506,0.942399
0.371893,0.05626,0.347086,0.061167
,,,
